{
  "height": 249.98959350585938,
  "width": 249.98959350585938,
  "x": 356.66668701171875,
  "y": 799.3333129882812
}