{
  "height": 249.98959350585938,
  "width": 249.98959350585938,
  "x": 356.5,
  "y": 799.3333333134651
}