{
  "x": 367.16668701171875,
  "y": 27.510417938232422,
  "width": 192.48959350585938,
  "height": 192.48959350585938
}